{"cameraMode":{"drawMode":0,"name":"Shaded","section":"Shading Mode"},"sceneLighting":false,"audioPlay":false,"sceneViewState":{"showFog":true,"showMaterialUpdate":true,"showSkybox":false,"showFlares":true,"showImageEffects":true,"showParticleSystems":true},"in2DMode":false,"pivot":{"x":0.029704570770263673,"y":0.7349953651428223,"z":-9.598505973815918},"rotation":{"x":0.137083500623703,"y":-0.6681153178215027,"z":-0.12718500196933747,"w":-0.7201893925666809},"size":15.629053115844727,"orthographic":false}