{"cameraMode":{"drawMode":0,"name":"Shaded","section":"Shading Mode"},"sceneLighting":true,"audioPlay":false,"sceneViewState":{"showFog":true,"showMaterialUpdate":true,"showSkybox":true,"showFlares":true,"showImageEffects":true,"showParticleSystems":true},"in2DMode":false,"pivot":{"x":0.22360743582248689,"y":-0.42735010385513308,"z":2.553457498550415},"rotation":{"x":-0.26390835642814639,"y":0.7072177529335022,"z":-0.328901082277298,"w":-0.567467451095581},"size":14.958952903747559,"orthographic":false}